{
  "Essential_Drug_List_Four_Tier_ABC_Sp.pdf": 1781115282.4176214,
  "HDHP-Summary-of-Benefits-2627-ES.pdf": 1781513347.8257544,
  "Carrier-Contacts-and-Resources-2627-EN.pdf": 1781016296.7317634,
  "EPO-SBC-2627-EN.pdf": 1781047648.5124714,
  "Dependent-Care-FSA-Summary-2526-EN.pdf": 1781016296.7398071,
  "HDHP-SBC-2526-ES.pdf": 1781016296.7684011,
  "PPO-Summary-of-Benefits-2526-ES.pdf": 1781548502.66037,
  "Medicare-Part-D-Notice-2627-EN.pdf": 1781016296.7932374,
  "Hospital-Indemnity-Coverage-2526-ES.pdf": 1781016296.7903385,
  "Spending-Account-Carryover-2526-EN.pdf": 1781016296.801074,
  "EAP-Employee-FAQ-2526-EN.pdf": 1781016296.7402492,
  "PPO-Summary-of-Benefits-2627-ES.pdf": 1781513347.8026187,
  "Basic-Life-2526-ES.pdf": 1781016296.7282426,
  "Accident-Coverage-2526-EN.pdf": 1781016296.726516,
  "HDHP-SBC-2627-ES.pdf": 1781513575.0826044,
  "Summary-of-Dental-Options-2526-ES.pdf": 1781016296.8025064,
  "Medicare-Part-D-Notice-2526-EN.pdf": 1781016296.792692,
  "EPO-SBC-2526-EN.pdf": 1781016296.7414415,
  "Carrier-Contacts-and-Resources-2526-EN.pdf": 1781016296.731201,
  "HDHP-Summary-of-Benefits-2526-ES.pdf": 1781016296.7719142,
  "FSA-Plan-Highlights-2627-ES.pdf": 1781016296.7529776,
  "Spending-Account-Debit-Card-2526-EN.pdf": 1781016296.8015764,
  "HRA-Plan-Document-2526-EN.pdf": 1781016296.7801397,
  "Essential_Drug_List_Four_Tier_ABC.pdf": 1781114428.023548,
  "Dependent-Care-FSA-Expenses-2526-EN.pdf": 1781016296.7394292,
  "PPO-SBC-2526-ES.pdf": 1781637276.0430937,
  "General-Plan-Notices-2526-ES.pdf": 1781016296.7613754,
  "Employee-Contributions-2526-ES.pdf": 1781016296.7518506,
  "EPO-Summary-of-Benefits-2627-EN.pdf": 1781047648.4922142,
  "HMO-Summary-of-Benefits-2526-ES.pdf": 1781016296.7788785,
  "Critical-Illness-Coverage-2526-ES.pdf": 1781016296.7392485,
  "Setup-Direct-Deposit-2526-EN.pdf": 1781016296.7980814,
  "COBRA-Rights-Notification-2526-EN.pdf": 1781016296.7284856,
  "Short-Term-Disability-2526-ES.pdf": 1781016296.8007371,
  "Vision-Summary-2526-EN.pdf": 1781016296.803281,
  "HMO-SBC-2526-EN.pdf": 1781016296.7751715,
  "Employee-Contributions-2627-ES.pdf": 1781016296.7522783,
  "NCAL Wineshipping 2026 DHMO SBC 669546.pdf": 1781016296.7951584,
  "HSA-Overview-2526-ES.pdf": 1781016296.7827697,
  "PPO-SBC-2627-ES.pdf": 1781513575.051598,
  "General-Plan-Notices-2627-ES.pdf": 1781016296.7671292,
  "COBRA-Rights-Notification-2627-EN.pdf": 1781016296.7295406,
  "FSA-and-Commuter-Overview-2526-ES.pdf": 1781016296.753181,
  "HMO-Summary-of-Benefits-2627-ES.pdf": 1781548502.650044,
  "Life-and-ADD-Coverage-2526-ES.pdf": 1781016296.7921906,
  "EPO-Summary-of-Benefits-2526-EN.pdf": 1781016296.7492962,
  "EPO-Summary-of-Benefits-2627-ES.pdf": 1781513347.7793052,
  "HMO-Summary-of-Benefits-2526-EN.pdf": 1781016296.778414,
  "SOB Vision FS.A.10.25.200.200 5MZT.pdf": 1781016296.7973425,
  "Critical-Illness-Coverage-2526-EN.pdf": 1781016296.736201,
  "Setup-Direct-Deposit-2526-ES.pdf": 1781016296.7987177,
  "COBRA-Rights-Notification-2526-ES.pdf": 1781016296.7287705,
  "FSA-and-Commuter-Plan-Overview-2526-EN.pdf": 1781016296.7550828,
  "Short-Term-Disability-2526-EN.pdf": 1781016296.7997386,
  "PPO-SBC-2526-EN.pdf": 1781016296.7953172,
  "General-Plan-Notices-2526-EN.pdf": 1781016296.7591608,
  "Employee-Contributions-2526-EN.pdf": 1781016296.7515626,
  "ComPsych EAP Employee FAQ One Pager - 3 Sessions.PDF.pdf": 1781016296.7327456,
  "Health-Care-FSA-Summary-2526-EN.pdf": 1781016296.7831705,
  "COBRA-Rights-Notification-2627-ES.pdf": 1781016296.730721,
  "Life-and-ADD-Coverage-2526-EN.pdf": 1781016296.791582,
  "EPO-Summary-of-Benefits-2526-ES.pdf": 1781016296.7512772,
  "Vision-Summary-2526-ES.pdf": 1781637276.00244,
  "Employee-Contributions-2627-EN.pdf": 1781016296.7520297,
  "HMO-SBC-2526-ES.pdf": 1781598483.4665718,
  "HSA-Overview-2526-EN.pdf": 1781016296.781697,
  "NCAL Wineshipping 2026 DHMO DF 669546[48].pdf": 1781016296.7938135,
  "PPO-SBC-2627-EN.pdf": 1781262937.9460645,
  "Commuter-and-Parking-2526-EN.pdf": 1781016296.7330842,
  "General-Plan-Notices-2627-EN.pdf": 1781016296.7618082,
  "Hospital-Indemnity-Coverage-2526-EN.pdf": 1781016296.7879517,
  "HDHP-Summary-of-Benefits-2627-EN.pdf": 1781047648.5355005,
  "Carrier-Contacts-and-Resources-2627-ES.pdf": 1781016296.7321162,
  "EPO-SBC-2627-ES.pdf": 1781513575.0214055,
  "HDHP-SBC-2526-EN.pdf": 1781016296.767723,
  "PPO-Summary-of-Benefits-2526-EN.pdf": 1780762792.6027286,
  "Medicare-Part-D-Notice-2627-ES.pdf": 1781016296.7936213,
  "FSA-Plan-Highlights-2627-EN.pdf": 1781016296.7528076,
  "HRA-Plan-Document-2526-ES.pdf": 1781016296.7809284,
  "EAP-Employee-FAQ-2526-ES.pdf": 1781016296.7405539,
  "PPO-Summary-of-Benefits-2627-EN.pdf": 1781262937.9677773,
  "Basic-Life-2526-EN.pdf": 1781016296.728114,
  "Accident-Coverage-2526-ES.pdf": 1781016296.7279396,
  "HDHP-SBC-2627-EN.pdf": 1781047648.5559533,
  "Summary-of-Dental-Options-2526-EN.pdf": 1781016296.802034,
  "Medicare-Part-D-Notice-2526-ES.pdf": 1781016296.792949,
  "EPO-SBC-2526-ES.pdf": 1781637276.024028,
  "Limited-Purpose-FSA-Summary-2526-EN.pdf": 1781016296.7925336,
  "Carrier-Contacts-and-Resources-2526-ES.pdf": 1781016296.7315547,
  "HDHP-Summary-of-Benefits-2526-EN.pdf": 1781016296.7697358
}